Position,Artist Name,Song Name,Days,Top 10 (xTimes),Peak Position,Peak Position (xTimes),Peak Streams,Total Streams
1,Post Malone ,Sunflower  SpiderMan: Into the SpiderVerse,1506,302.0,1,(x29),2118242,883369738
2,Juice WRLD ,Lucid Dreams,1673,178.0,1,(x20),2127668,864832399
3,Lil Uzi Vert ,XO TOUR Llif3,1853,212.0,1,(x4),1660502,781153024
4,J. Cole ,No Role Modelz,2547,6.0,7,0,659366,734857487
5,Post Malone ,rockstar,1223,186.0,1,(x124),2905678,718865961
6,Travis Scott ,goosebumps,1995,4.0,8,0,977275,672972704
7,The Weeknd ,Blinding Lights,1100,233.0,1,(x11),2355059,644287953
8,XXXTENTACION ,Jocelyn Flores,1673,44.0,2,(x1),3175206,624457164
9,XXXTENTACION ,SAD!,1217,133.0,1,(x6),4437612,619879245
10,Juice WRLD ,All Girls Are The Same,1681,2.0,5,0,1239152,613872384
11,Kendrick Lamar ,HUMBLE.,1175,152.0,1,(x67),4060034,606305588
12,Post Malone ,Circles,1172,163.0,1,(x38),3441328,598521764
13,Travis Scott ,SICKO MODE,1046,190.0,1,(x19),4129691,586638599
14,Lil Baby ,Drip Too Hard (Lil Baby & Gunna),1453,122.0,1,(x6),1759294,583443174
15,Post Malone ,Congratulations,1215,136.0,5,0,1263208,546036924
16,Post Malone ,I Fall Apart,1278,132.0,2,(x14),1275320,543144261
17,Glass Animals ,Heat Waves,763,248.0,1,(x34),1230046,540754791
18,Drake ,God's Plan,634,139.0,1,(x70),4739798,534994242
19,Roddy Ricch ,The Box,650,197.0,1,(x85),3781452,504210201
20,J. Cole ,MIDDLE CHILD,1119,106.0,1,(x16),3800251,481985952
21,XXXTENTACION ,Fuck Love,1406,9.0,5,0,2438715,473417295
22,Post Malone ,Better Now,862,72.0,1,(x8),3467168,463551468
23,Drake ,One Dance,772,187.0,1,(x103),2767175,454267392
24,Olivia Rodrigo ,good 4 u,547,187.0,1,(x53),4974833,454100610
25,Juice WRLD ,Robbery,1086,38.0,2,(x2),1724447,443773199
26,Billie Eilish ,lovely,1250,0.0,18,0,733267,437911914
27,Joji ,SLOW DANCING IN THE DARK,1496,0.0,26,0,661274,437333177
28,XXXTENTACION ,Moonlight,923,57.0,2,(x2),3167290,431568186
29,Offset ,Ric Flair Drip (& Metro Boomin),1065,86.0,4,0,1040394,427614856
30,The Kid LAROI ,Stay,531,271.0,1,(x45),2345292,426712325
31,Lewis Capaldi ,Someone You Loved,952,40.0,5,0,1118953,410725370
32,Harry Styles ,Watermelon Sugar,988,65.0,3,(x3),1609066,409073262
33,Post Malone ,Wow.,699,115.0,1,(x6),2317682,405812776
34,Khalid ,Location,999,29.0,9,0,958542,403645089
35,The Neighbourhood ,Sweater Weather,1050,0.0,12,0,671844,400804036
36,Lil Baby ,Yes Indeed,970,43.0,2,(x9),1838350,400193604
37,The Chainsmokers ,Closer,696,158.0,1,(x70),2504045,397735618
38,Post Malone ,Psycho,607,107.0,1,(x1),3261937,396525691
39,The Weeknd ,The Hills,1243,194.0,1,(x6),1147436,392023505
40,Dua Lipa ,Levitating,738,113.0,3,(x3),1284080,387860108
41,Billie Eilish ,bad guy,652,108.0,1,(x20),2931099,385813103
42,Morgan Wallen ,Whiskey Glasses,1324,0.0,33,0,447546,385368118
43,Olivia Rodrigo ,drivers license,613,99.0,1,(x46),6145601,381085710
44,Doja Cat ,Kiss Me More,550,151.0,1,(x11),1846647,376965422
45,DaBaby ,ROCKSTAR,549,164.0,1,(x65),1975668,373388283
46,Lil Nas X ,INDUSTRY BABY,472,267.0,1,(x42),2492612,373383279
47,The Weeknd ,Starboy,785,141.0,1,(x29),2070596,368997138
48,Childish Gambino ,Redbone,1075,42.0,8,0,950460,363834232
49,Lil Mosey ,Blueberry Faygo,603,152.0,2,(x12),1428849,355016723
50,Meek Mill ,Going Bad,638,117.0,2,(x10),1719834,349994217
51,Khalid ,Young Dumb & Broke,904,69.0,5,0,1045479,349563888
52,Harry Styles ,As It Was,273,203.0,1,(x40),5953134,348668080
53,Ed Sheeran ,Shape of You,618,96.0,1,(x48),2156546,348283656
54,Ariana Grande ,7 rings,559,72.0,1,(x34),3961641,332694161
55,Billie Eilish ,when the party's over,787,9.0,5,0,1592762,331192577
56,Kendrick Lamar ,LOVE. FEAT. ZACARI.,814,25.0,5,0,2063209,329243971
57,Cardi B ,I Like It,548,98.0,2,(x1),1636133,329059657
58,Lizzo ,Truth Hurts,535,161.0,2,(x3),1400026,321459791
59,Halsey ,Without Me,617,113.0,5,0,1345243,320826979
60,Logic ,18002738255,590,111.0,1,(x10),1559318,320245347
61,Bebe Rexha ,Meant to Be,801,0.0,15,0,787868,318478528
62,Ariana Grande ,"thank u, next",463,93.0,1,(x42),4190968,317987550
63,BlocBoy JB ,Look Alive,495,98.0,2,(x4),1802950,316629241
64,Marshmello ,Happier,650,28.0,5,0,1201728,316018345
65,James Arthur ,Say You Won't Let Go,1083,0.0,14,0,664830,315132103
66,Arizona Zervas ,ROXANNE,536,123.0,1,(x23),1676128,314843202
67,24kGoldn ,Mood,547,165.0,1,(x2),1633022,314504480
68,Drake ,Nice For What,467,93.0,1,(x32),3183067,313324663
69,blackbear ,hot girl bummer,742,45.0,5,0,1032214,312411378
70,Mariah Carey ,All I Want for Christmas Is You,426,162.0,1,(x15),3987998,312323662
71,benny blanco ,Eastside,672,15.0,7,0,1071306,308890413
72,Juice WRLD ,Bandit,670,97.0,2,(x4),1749825,307048160
73,Future ,Life Is Good,601,57.0,2,(x33),2873235,305783118
74,YNW Melly ,Murder On My Mind,771,43.0,4,0,1483131,305306060
75,Olivia Rodrigo ,deja vu,562,106.0,2,(x20),2794828,304638969
76,Polo G ,RAPSTAR,519,84.0,1,(x22),2691084,299470033
77,Luke Combs ,Beautiful Crazy,1123,0.0,54,0,435905,298483119
78,21 Savage ,Bank Account,553,139.0,1,(x20),1320772,298320136
79,Drake ,Wants and Needs,645,25.0,2,(x10),3489465,297154583
80,Cardi B ,WAP,417,112.0,1,(x64),3030510,296670667
81,Travis Scott ,HIGHEST IN THE ROOM,602,69.0,1,(x21),3939490,295198938
82,Lil Tecca ,Ransom,465,110.0,1,(x26),1833927,292578295
83,Sheck Wes ,Mo Bamba,421,115.0,1,(x7),1709407,289673118
84,Post Malone ,White Iverson,1069,45.0,7,0,613541,288882157
85,Drake ,In My Feelings,348,83.0,1,(x37),4805299,288633458
86,Lil Nas X ,MONTERO (Call Me By Your Name),410,123.0,1,(x11),2378862,288187067
87,French Montana ,Unforgettable,501,136.0,1,(x7),1275953,287042302
88,Drake ,Nonstop,478,69.0,1,(x7),5749019,286786239
89,Post Malone ,Candy Paint,717,42.0,4,0,1836069,286217712
90,DRAM ,Broccoli,646,141.0,3,(x16),1079595,285106532
91,Dua Lipa ,Don't Start Now,646,47.0,4,0,1220899,284754771
92,Juice WRLD ,Come & Go,644,73.0,1,(x4),3220828,280531842
93,Juice WRLD ,Wishing Well,625,65.0,1,(x6),2817191,277821416
94,DaBaby ,BOP,622,76.0,1,(x1),1601147,277705797
95,Lil Uzi Vert ,20 Min,1012,0.0,45,0,401156,277454899
96,Travis Scott ,BUTTERFLY EFFECT,682,18.0,9,0,1568959,276763296
97,Brenda Lee ,Rockin' Around The Christmas Tree,340,113.0,1,(x30),5771662,276529912
98,Drake ,Knife Talk,471,91.0,2,(x3),3908883,275693546
99,Pop Smoke ,For The Night,512,116.0,2,(x2),1450903,274720487
100,Drake ,Fake Love,525,121.0,1,(x15),1527349,274318587
101,Internet Money ,Lemonade,517,138.0,1,(x11),1437460,273391855
102,Tyga ,Taste,486,54.0,3,(x1),1484893,272293130
103,Future ,Mask Off,441,107.0,2,(x29),1768762,271944410
104,Olivia Rodrigo ,traitor,522,56.0,3,(x15),2709147,271379624
105,DaBaby ,Suge,516,51.0,3,(x4),1224726,270915921
106,SZA ,Good Days,604,83.0,1,(x3),1387122,270125295
107,Doja Cat ,Need To Know,460,72.0,3,(x3),1245936,268475081
108,Drake ,Money In The Grave (Drake ft. Rick Ross),467,79.0,1,(x6),2024475,265919957
109,Mustard ,Ballin',656,4.0,10,0,986414,265117682
110,Bryson Tiller ,Don't,1008,37.0,7,0,649135,264444220
111,Harry Styles ,Adore You,633,18.0,1,(x1),1809594,264055553
112,Imagine Dragons ,Believer,745,5.0,9,0,898836,263375966
113,Lauv ,I Like Me Better,930,0.0,30,0,571396,263177728
114,Migos ,Bad and Boujee,491,98.0,1,(x32),1816754,262086852
115,KYLE ,iSpy,512,106.0,2,(x8),1336415,262041081
116,Luis Fonsi ,Despacito  Remix,344,125.0,1,(x47),2129981,260702344
117,Kodak Black ,ZEZE,402,103.0,1,(x16),2823276,260612786
118,Lil Uzi Vert ,The Way Life Goes,834,21.0,4,0,1232419,260565170
119,Khalid ,Better,519,14.0,7,0,1413872,259760668
120,Sam Hunt ,Body Like A Back Road,703,0.0,12,0,790758,259538408
121,A Boogie Wit da Hoodie ,Swervin,564,37.0,6,0,1154453,258648283
122,Imagine Dragons ,Thunder,724,0.0,16,0,723572,257758821
123,Tones And I ,Dance Monkey,539,23.0,6,0,1022885,256274759
124,The Chainsmokers ,Don't Let Me Down,568,141.0,4,0,981448,251672744
125,Polo G ,Pop Out,647,25.0,8,0,1046233,251658876
126,Chris Brown ,No Guidance,550,53.0,3,(x1),1259463,250362082
127,Drake ,Passionfruit,622,51.0,1,(x13),2811262,249576463
128,Steve Lacy ,Dark Red,513,0.0,11,0,649193,249198471
129,Juice WRLD ,Armed And Dangerous,756,10.0,9,0,1170042,248991383
130,Camila Cabello ,Havana,484,99.0,2,(x6),1184798,247086289
131,Morgan Wallen ,Wasted On You,687,10.0,1,(x1),1232815,246675467
132,Drake ,Laugh Now Cry Later,449,89.0,2,(x20),2600470,246389835
133,Bruno Mars ,That's What I Like,517,78.0,3,(x3),1236698,245642565
134,Kendrick Lamar ,DNA.,451,69.0,2,(x15),3633524,242841173
135,The Weeknd ,Save Your Tears,692,49.0,2,(x4),1465508,242055670
136,Polo G ,Martin & Gina,702,0.0,21,0,553876,241128929
137,The Weeknd ,Die For You,682,1.0,10,0,820834,240869086
138,Eminem ,Godzilla,665,28.0,2,(x5),2573682,240271807
139,Big Sean ,Bounce Back,531,79.0,3,(x7),1388544,239157563
140,Steve Lacy ,Bad Habit,183,136.0,1,(x66),1691327,239087671
141,Jack Harlow ,WHATS POPPIN,519,89.0,2,(x12),1248272,238356467
142,XXXTENTACION ,Everybody Dies In Their Nightmares,772,3.0,6,0,2023396,238214306
143,Desiigner ,Panda,518,109.0,1,(x6),1652864,237739871
144,Shawn Mendes ,Señorita,400,77.0,1,(x26),1948638,236868842
145,Fleetwood Mac ,Dreams  2004 Remaster,781,17.0,6,0,1032229,236167945
146,Cardi B ,Bodak Yellow,489,79.0,2,(x6),1383846,235788390
147,Bobby Helms ,Jingle Bell Rock,335,98.0,1,(x1),4516839,235335220
148,Drake ,Jumpman,584,134.0,2,(x2),929883,235129660
149,Trevor Daniel ,Falling,455,76.0,4,0,1101319,234818302
150,Bad Bunny ,DÁKITI,596,42.0,1,(x6),1499819,234636216
151,Rihanna ,Needed Me,494,154.0,2,(x3),1018495,233794067
152,5 Seconds of Summer ,Youngblood,608,0.0,12,0,944436,233302902
153,The Killers ,Mr. Brightside,877,0.0,35,0,407790,232977345
154,Baby Keem ,family ties,487,29.0,3,(x1),1422177,232461442
155,Doja Cat ,Woman,489,26.0,7,0,864796,232370353
156,Arctic Monkeys ,505,692,0.0,13,0,510329,231800625
157,Lil Nas X ,Old Town Road  Remix,317,95.0,1,(x30),3113535,229868299
158,DJ Khaled ,I'm the One,332,112.0,2,(x29),2427536,227464533
159,Drake ,Hotline Bling,555,150.0,1,(x28),1506243,226915487
160,A Boogie Wit da Hoodie ,Drowning,591,0.0,18,0,674840,225834058
161,XXXTENTACION ,changes,560,7.0,4,0,2449891,225063813
162,Machine Gun Kelly ,my ex's best friend,596,3.0,9,0,891324,223702831
163,Bazzi ,Mine,510,51.0,3,(x4),1336329,223577524
164,Zedd ,The Middle,561,45.0,5,0,1159767,223370198
165,Justin Bieber ,Sorry,466,131.0,1,(x53),1783498,222779216
166,Conan Gray ,Heather,647,13.0,8,0,888848,222474626
167,Post Malone ,Goodbyes (Feat. Young Thug),329,91.0,1,(x7),2323437,220243023
168,XXXTENTACION ,Look At Me!,668,0.0,20,0,1035184,218130170
169,Bad Bunny ,Me Porto Bonito,237,154.0,2,(x27),1947674,217545422
170,J. Cole ,Wet Dreamz,1130,0.0,12,0,397175,217277232
171,Andy Williams ,It's the Most Wonderful Time of the Year,342,72.0,3,(x2),3837208,214480695
172,Jack Harlow ,WHATS POPPIN,444,77.0,6,0,1030175,212620780
173,Lewis Capaldi ,Before You Go,672,0.0,39,0,558202,211623667
174,Juice WRLD ,Lean Wit Me,671,1.0,8,0,992697,209772076
175,Tame Impala ,The Less I Know The Better,893,0.0,103,0,323134,209554986
176,G-Eazy,"Eazy  Me, Myself & I",513,148.0,2,(x12),997340,208480098
177,Bad Bunny ,Tití Me Preguntó,237,151.0,3,(x11),1885979,207857104
178,Twenty One Pilots ,Ride,708,65.0,4,0,824424,207848346
179,Kendrick Lamar ,All The Stars,404,78.0,2,(x10),1794893,207519025
180,Twenty One Pilots ,Stressed Out,706,90.0,3,(x2),835612,207439306
181,Billie Eilish ,Happier Than Ever,459,30.0,3,(x12),1688659,207031225
182,Aminé ,Caroline,537,77.0,6,0,861158,206635412
183,6ix9ine ,FEFE,271,66.0,2,(x20),2188635,206222122
184,Drake ,Too Good,359,150.0,2,(x19),1092508,205088227
185,"Tyler, The Creator ",EARFQUAKE,526,34.0,1,(x7),2210014,204484344
186,Khalid ,Love Lies,445,14.0,8,0,1088271,204075140
187,Justin Bieber ,Peaches,312,58.0,1,(x10),2181089,203494777
188,Kendrick Lamar ,Money Trees,726,0.0,38,0,481011,203375167
189,Young Thug ,The London,401,49.0,1,(x3),2397579,203093189
190,Future ,Low Life,604,0.0,11,0,670545,202769617
191,Panic! At The Disco ,High Hopes,535,0.0,12,0,862030,201888489
192,SAINt JHN ,Roses  Imanbek Remix,431,47.0,5,0,1009144,201135462
193,Powfu ,death bed,478,7.0,9,0,797933,200371352
194,Rae Sremmurd ,Black Beatles,384,82.0,1,(x21),2318636,200178133
195,Rihanna ,Work,408,91.0,1,(x62),1843176,199973584
196,Billie Eilish ,everything i wanted,435,42.0,1,(x4),2128318,199922212
197,Jonas Brothers ,Sucker,414,30.0,1,(x11),3105964,199695180
198,Rich The Kid ,Plug Walk,417,29.0,6,0,1341514,198858962
199,Justin Bieber ,Love Yourself,458,138.0,1,(x24),1333001,198773307
200,Migos ,Slippery,477,0.0,17,0,701264,197966789
201,21 Savage ,a lot,412,24.0,2,(x1),1525801,197950103
202,Flipp Dinero ,Leave Me Alone,418,12.0,10,0,997477,197450612
203,Dan + Shay ,Tequila,723,0.0,48,0,483056,196958667
204,Bryson Tiller ,Exchange,837,0.0,22,0,452260,196861471
205,Twenty One Pilots ,Heathens,410,100.0,3,(x34),1168637,195918435
206,Doja Cat ,Streets,477,57.0,3,(x12),1024708,195884808
207,Wham! ,Last Christmas,315,56.0,4,0,3525042,195381527
208,Jack Harlow ,First Class,231,77.0,1,(x11),5962326,195314542
209,Fetty Wap ,Trap Queen,622,159.0,1,(x31),844118,194792972
210,The Weeknd ,Can't Feel My Face,543,142.0,1,(x52),1053578,194406860
211,Bruno Mars ,Leave The Door Open,400,52.0,2,(x3),1765144,193296752
212,Kodak Black ,Roll In Peace,518,0.0,21,0,985417,192647458
213,The Neighbourhood ,Daddy Issues,705,0.0,50,0,359758,192551331
214,Morgan Wallen ,More Than My Hometown,697,0.0,18,0,698510,191448082
215,Gucci Mane ,Wake Up in the Sky,340,14.0,6,0,1070430,189926403
216,Marshmello ,Silence,468,16.0,7,0,958742,189144242
217,Michael Bublé ,It's Beginning to Look a Lot Like Christmas,357,38.0,3,(x1),2978474,187463596
218,Maroon 5 ,Girls Like You,383,20.0,6,0,1263800,186579571
219,Justin Bieber ,What Do You Mean?,413,153.0,1,(x24),1358577,185795808
220,The Weeknd ,Call Out My Name,471,21.0,1,(x6),3490888,185191010
221,BØRNS ,Electric Love,737,0.0,39,0,460526,185017224
222,NF ,Let You Down,480,4.0,9,0,829153,184436690
223,Fifth Harmony ,Work from Home,420,116.0,3,(x21),1004803,184122003
224,Drake ,Controlla,400,93.0,4,0,1020036,183609837
225,Morgan Wallen ,Chasin' You,687,0.0,47,0,412670,183121183
226,Ariana Grande ,Santa Tell Me,348,26.0,5,0,2847060,182490361
227,Ed Sheeran ,Thinking out Loud,792,118.0,1,(x3),665278,182153495
228,Pop Smoke ,What You Know Bout Love,422,44.0,5,0,945575,182024316
229,Lil Mosey ,Noticed,531,0.0,17,0,836165,181647697
230,Mike Posner ,I Took A Pill In Ibiza  Seeb Remix,442,91.0,2,(x1),912432,181197216
231,Ed Sheeran ,Perfect,488,0.0,11,0,931316,180975541
232,Ariana Grande ,no tears left to cry,384,5.0,6,0,1783330,180563889
233,Chance the Rapper ,No Problem,568,0.0,13,0,695093,180053419
234,Mustard ,Pure Water,396,0.0,11,0,905428,180042907
235,Dan + Shay ,Speechless,662,0.0,67,0,373102,179301739
236,The Chainsmokers ,Roses,520,94.0,5,0,772979,178699372
237,Khalid ,Talk,341,42.0,5,0,1284719,178662883
238,G,Eazy  No Limit,373,79.0,2,(x8),1151926,178639729
239,21 Savage ,X,555,0.0,14,0,597896,178576237
240,Surf Curse ,Freaks,556,0.0,29,0,466842,178535641
241,Demi Lovato ,Sorry Not Sorry,379,35.0,6,0,1009557,177157747
242,Billie Eilish ,bury a friend,364,16.0,3,(x2),2139874,176834584
243,Kodak Black ,Tunnel Vision,396,38.0,5,0,1173162,176688536
244,Surfaces ,Sunday Best,412,0.0,13,0,751886,176430872
245,Sleepy Hallow ,2055,454,12.0,7,0,826350,176244822
246,Dan + Shay ,"10,000 Hours",465,21.0,2,(x3),2073482,175930281
247,Migos ,Stir Fry,336,60.0,2,(x12),1499177,175630677
248,A Boogie Wit da Hoodie ,Look Back At It,366,22.0,8,0,1146596,175483878
249,Justin Bieber ,Intentions,328,42.0,2,(x1),1901883,175135180
250,Post Malone ,Go Flex,673,0.0,19,0,687250,174710816
251,The Walters ,I Love You So,431,38.0,7,0,683985,174547021
252,Ed Sheeran ,Bad Habits,350,49.0,7,0,1259918,174488164
253,A$AP Ferg ,Plain Jane,408,22.0,6,0,929255,174255086
254,Famous Dex ,PICK IT UP,421,0.0,13,0,800864,173990426
255,Major Lazer ,Lean On,588,142.0,2,(x7),681007,173817845
256,Elton John ,Cold Heart  PNAU Remix,408,1.0,9,0,683288,173542648
257,Dua Lipa ,New Rules,399,0.0,11,0,783946,173328947
258,Ed Sheeran ,Shivers,399,6.0,6,0,980767,173225595
259,Mac Miller ,The Spins,612,0.0,54,0,369869,173209349
260,Adele ,Easy On Me,246,73.0,1,(x29),5435431,173180228
261,Ariana Grande ,positions,333,69.0,1,(x25),2805107,172797966
262,Tate McRae ,you broke me first,503,0.0,16,0,664700,172703722
263,Kodak Black ,Super Gremlin,346,117.0,2,(x9),1054999,171909115
264,Lil Nas X ,Panini,249,67.0,1,(x2),2147076,171512571
265,Drake ,Way 2 Sexy,280,68.0,1,(x12),4962771,170202629
266,Roddy Ricch ,High Fashion,354,27.0,4,0,1118927,169149991
267,Ed Sheeran ,I Don't Care,323,54.0,1,(x7),3107778,168839409
268,Billie Eilish ,ocean eyes,623,0.0,61,0,410592,168543006
269,"Tyler, The Creator ",See You Again,565,0.0,24,0,499844,168256802
270,Migos ,Walk It Talk It,358,14.0,3,(x1),1584838,168214275
271,Lady Gaga ,Shallow,403,7.0,6,0,1310071,167883840
272,Drake ,Jimmy Cooks,195,107.0,1,(x1),3642078,166499191
273,Doja Cat ,Say So,308,51.0,2,(x1),1262821,165898476
274,Fetty Wap ,679,501,111.0,2,(x14),850028,165220739
275,Kali Uchis ,telepatía,395,44.0,3,(x8),1064644,164803198
276,Calboy ,Envy Me,440,0.0,22,0,669228,164149940
277,Justin Bieber ,Ghost,399,4.0,9,0,895735,163964781
278,Adele ,Hello,404,89.0,1,(x19),2758752,163937424
279,Joji ,Glimpse of Us,201,83.0,1,(x16),2474076,163315058
280,Burl Ives ,A Holly Jolly Christmas  Single Version,278,31.0,5,0,4242454,163198351
281,Julia Michaels ,Issues,414,0.0,11,0,959567,163082925
282,Kate Bush ,Running Up That Hill (A Deal With God),182,98.0,1,(x30),2430143,163034803
283,Migos ,TShirt,393,23.0,6,0,1068559,162318539
284,Giveon ,HEARTBREAK ANNIVERSARY,371,30.0,8,0,950623,162181516
285,ZAYN ,I Don’t Wanna Live Forever (Fifty Shades Darker),378,72.0,3,(x14),1195770,161895465
286,Drake ,Toosie Slide,239,79.0,1,(x20),2670968,161667752
287,Kanye West ,Father Stretch My Hands Pt. 1,607,12.0,4,0,855048,161479699
288,Zedd ,Stay,317,4.0,9,0,977390,161032066
289,Major Lazer ,Cold Water,274,99.0,1,(x10),1389715,160700352
290,Lil Nas X ,THATS WHAT I WANT,358,23.0,2,(x1),1896424,160369392
291,Future ,WAIT FOR U,243,24.0,2,(x1),1885004,160359546
292,Lil Uzi Vert ,Sanguine Paradise,382,30.0,6,0,1205774,160244733
293,Maroon 5 ,Memories,372,17.0,6,0,1118361,159686092
294,Lil Pump ,Gucci Gang,242,90.0,2,(x51),1574100,159368635
295,Lil Uzi Vert ,Money Longer,648,0.0,33,0,440383,159142673
296,DJ Snake ,Let Me Love You,300,107.0,3,(x16),1147152,158366154
297,Hailee Steinfeld ,Starving,423,36.0,9,0,765280,158320524
298,JP Saxe ,If The World Was Ending,520,0.0,43,0,444524,156928093
299,The Chainsmokers ,Something Just Like This,364,29.0,2,(x2),1478265,156839599
300,Olivia Rodrigo ,favorite crime,384,32.0,4,0,1886343,156762362
301,Chris Stapleton ,Tennessee Whiskey,747,0.0,34,0,440951,156707370
302,Gucci Mane ,I Get The Bag,335,13.0,7,0,931108,156184444
303,Masked Wolf ,Astronaut In The Ocean,290,58.0,4,0,1028047,155387513
304,Khalid ,Saturday Nights,391,0.0,13,0,965483,154969059
305,H.E.R. ,Best Part,635,0.0,53,0,483402,154582091
306,Rob $tone ,Chill Bill,442,4.0,10,0,686873,154052440
307,YNW Melly ,223's,325,45.0,4,0,1161395,152984591
308,Hozier ,Take Me To Church,644,147.0,1,(x58),669026,152777306
309,Ed Sheeran ,Beautiful People,309,39.0,3,(x1),1615072,152409919
310,Ariana Grande ,"break up with your girlfriend, i'm bored",235,49.0,1,(x4),3498779,152246486
311,Playboi Carti ,Magnolia,365,1.0,10,0,868222,151502606
312,Beach House ,Space Song,549,0.0,55,0,434347,151348745
313,JAY,Z  Ni**as In Paris,995,0.0,97,0,318805,151213181
314,Calvin Harris ,This Is What You Came For,288,106.0,2,(x1),975411,149620244
315,Ariana Grande ,34+35,291,63.0,1,(x5),2698854,148864140
316,Don Toliver ,After Party,400,0.0,11,0,768932,148828688
317,Lizzo ,About Damn Time,243,51.0,3,(x1),1276164,148776441
318,Calvin Harris ,Slide,281,15.0,8,0,967282,148615807
319,Juice WRLD ,Righteous,333,24.0,2,(x6),2690579,148152203
320,THE SCOTTS ,THE SCOTTS,237,70.0,1,(x13),3345119,147793519
321,The Kid LAROI ,WITHOUT YOU,338,33.0,6,0,769614,147434939
322,Young Thug ,pick up the phone,552,0.0,29,0,455209,146950542
323,Zach Bryan ,Something in the Orange,251,20.0,4,0,992100,146934063
324,Justin Timberlake ,"CAN'T STOP THE FEELING! (Original Song from DreamWorks Animation's ""TROLLS"")",437,60.0,5,0,936011,146405505
325,Shawn Mendes ,Stitches,535,82.0,5,0,668552,146222899
326,Pop Smoke ,Dior,532,0.0,15,0,793436,145804298
327,Doja Cat ,Ain't Shit,356,39.0,4,0,1413486,145660715
328,Lil Tjay ,Calling My Phone,301,61.0,1,(x8),1860203,145633110
329,Charlie Puth ,Attention,346,0.0,16,0,797196,145299789
330,Lil Skies ,Nowadays,441,0.0,24,0,626292,144878462
331,Doja Cat ,You Right,386,13.0,4,0,1574035,144688259
332,Drake ,Portland,331,26.0,2,(x5),2385233,144664417
333,Bing Crosby ,White Christmas,280,17.0,1,(x1),2836396,144606354
334,Harry Styles ,Late Night Talking,219,29.0,2,(x10),3721821,144096811
335,Jay Rock ,King's Dead,292,31.0,7,0,1146306,144088666
336,Cardi B ,Up,247,76.0,2,(x4),1133283,143743718
337,Bad Bunny ,MIA,287,22.0,2,(x5),2409584,143656931
338,Hailee Steinfeld ,Let Me Go,357,0.0,17,0,728233,143350902
339,The Weeknd ,I Feel It Coming,331,21.0,5,0,1157486,143319177
340,Sia ,Cheap Thrills,371,9.0,9,0,822906,142986096
341,SZA ,Love Galore,426,0.0,23,0,645447,142655912
342,Lukas Graham ,7 Years,414,79.0,2,(x8),972767,142277410
343,Morgan Wallen ,You Proof,230,6.0,9,0,1723507,141716685
344,gnash ,"i hate u, i love u",385,0.0,16,0,563858,141690287
345,Rae Sremmurd ,Swang,393,0.0,21,0,680384,141632137
346,Nat King Cole ,The Christmas Song (Merry Christmas To You),232,12.0,5,0,3214273,141071360
347,Dean Lewis ,Be Alright,453,0.0,19,0,671232,141016791
348,Post Malone ,I Like You (A Happier Song),208,96.0,2,(x1),2000190,140872042
349,Lil Xan ,Betrayed,374,0.0,21,0,669421,140250610
350,Yot Club ,YKWIM?,504,0.0,58,0,351933,139804345
351,Kendrick Lamar ,LOYALTY. FEAT. RIHANNA.,330,14.0,4,0,2725761,139730182
352,Sam Smith ,Dancing With A Stranger,328,3.0,10,0,1143794,138760630
353,Doja Cat ,Get Into It (Yuh),391,0.0,16,0,751498,138640495
354,Migos ,MotorSport,311,11.0,6,0,1088075,138467640
355,Carolina Gaitán ,La Gaita  We Don't Talk About Bruno,201,104.0,1,(x55),1486869,138398595
356,Harry Styles ,Falling,501,3.0,4,0,1454982,138072456
357,DJ Khaled ,Wild Thoughts,231,71.0,1,(x1),1578440,138033504
358,Lil Uzi Vert ,You Was Right,501,0.0,26,0,490509,138001040
359,Kiiara ,Gold,403,0.0,18,0,582552,137920503
360,Kanye West ,Heartless,439,0.0,38,0,463393,137403023
361,Luke Combs ,Forever After All,403,7.0,2,(x5),2346240,137048398
362,Mark Ronson ,Uptown Funk,531,127.0,1,(x56),778194,136885294
363,Frank Sinatra ,Let It Snow! Let It Snow! Let It Snow!,305,8.0,8,0,2646892,136448853
364,Y2K ,Lalala,321,0.0,11,0,820166,136394278
365,Ski Mask The Slump God ,Faucet Failure,415,0.0,25,0,671084,136293354
366,Jack Ü ,Where Are Ü Now,447,118.0,3,(x1),564731,135999812
367,Flo Rida ,My House,411,64.0,4,0,787490,135782448
368,Noah Cyrus ,July,509,0.0,56,0,438400,135753612
369,Lil Tjay ,F.N,442,0.0,23,0,703283,135359031
370,DJ Khaled ,POPSTAR,317,26.0,1,(x2),2013630,135192435
371,Saweetie ,Best Friend,299,1.0,10,0,732662,135156338
372,Bad Bunny ,Efecto,236,16.0,9,0,1315548,134743830
373,The Weeknd ,Save Your Tears,327,8.0,2,(x1),1723905,134482363
374,Ariana Grande ,Side To Side,332,75.0,5,0,875628,134449731
375,Bad Bunny ,Yonaguni,347,14.0,3,(x2),1727530,133665412
376,Liam Payne ,Strip That Down,311,0.0,11,0,770674,133182143
377,The Weeknd ,Earned It (Fifty Shades Of Grey),532,103.0,2,(x2),612611,132827332
378,Drake ,Fair Trade,301,33.0,2,(x2),5616734,132758753
379,Morgan Wallen ,Sand In My Boots,460,2.0,4,0,1020974,132664367
380,Trippie Redd ,Miss The Rage,349,8.0,3,(x6),1699784,132399703
381,Bruno Mars ,24K Magic,349,13.0,5,0,937406,132118188
382,Lil Nas X ,Old Town Road,175,50.0,1,(x2),2450954,132031403
383,ZAYN ,PILLOWTALK,297,84.0,1,(x10),1277421,131983424
384,BTS ,Dynamite,332,14.0,3,(x3),1824254,131917493
385,Kygo ,It Ain't Me,272,28.0,3,(x3),1169170,130487216
386,DaBaby ,VIBEZ,285,2.0,4,0,1371845,129872425
387,Russ ,Losin Control,512,0.0,58,0,379457,129835284
388,Portugal. The Man ,Feel It Still,331,0.0,13,0,756792,129571919
389,NEIKED ,Better Days (NEIKED x Mae Muller x Polo G),321,20.0,6,0,883029,129400161
390,Shawn Mendes ,Treat You Better,321,1.0,10,0,740821,129275991
391,Bad Bunny ,Moscow Mule,219,11.0,1,(x1),2582359,128972121
392,Cardi B ,Money,273,1.0,9,0,1148815,128812752
393,Morgan Wallen ,7 Summers,388,7.0,3,(x2),2269891,128247607
394,José Feliciano ,Feliz Navidad,222,11.0,6,0,3233033,128148147
395,Travis Scott ,YOSEMITE,320,4.0,7,0,2092634,127780533
396,Famous Dex ,JAPAN,299,0.0,11,0,1019372,127676006
397,Farruko ,Pepas,337,0.0,16,0,696956,127483860
398,Justin Bieber ,Mistletoe,295,0.0,13,0,1898014,127188550
399,THE ANXIETY ,Meet Me At Our Spot,281,21.0,8,0,852099,126861687
400,Polo G ,21,425,0.0,35,0,462532,126417091
401,Vance Joy ,Riptide,753,0.0,12,0,273070,126349492
402,DJ Snake ,Taki Taki,238,27.0,4,0,1308756,126096694
403,Grouplove ,Tongue Tied,525,0.0,100,0,284533,125880696
404,Diplo ,Heartless,444,0.0,53,0,436704,125811158
405,StaySolidRocky ,Party Girl,239,53.0,2,(x21),1169465,125662367
406,Taylor Swift ,AntiHero,69,46.0,1,(x14),7786096,124825787
407,Quality Control ,Baby (Lil Baby feat. DaBaby),308,0.0,14,0,779096,124162581
408,Billie Eilish ,idontwannabeyouanymore,400,0.0,40,0,516523,123991487
409,Queen ,Bohemian Rhapsody  Remastered 2011,420,0.0,36,0,537813,123761624
410,NLE Choppa ,Camelot,297,4.0,7,0,932296,123589568
411,Luke Combs ,When It Rains It Pours,565,0.0,84,0,306131,123431139
412,Flume ,Never Be Like You,357,0.0,14,0,604526,123343026
413,J Balvin ,LA CANCIÓN,443,0.0,30,0,626782,123298668
414,Lil Baby ,Woah,269,0.0,11,0,1046993,122876453
415,OneRepublic ,I Ain't Worried,206,36.0,6,0,847839,122488638
416,Playboi Carti ,Shoota,420,0.0,23,0,826235,122469617
417,2 Chainz ,It's A Vibe,403,0.0,35,0,543374,122067552
418,Doja Cat ,Vegas (From the Original Motion Picture Soundtrack ELVIS),234,29.0,7,0,922178,121176458
419,Juice WRLD ,Legends,418,2.0,4,0,1239344,121077739
420,Rae Sremmurd ,Powerglide,263,0.0,15,0,940053,120839941
421,XXXTENTACION ,Revenge,412,0.0,16,0,1119765,120698497
422,Ariana Grande ,God is a woman,227,26.0,4,0,1528413,120468984
423,Chris Brown ,Go Crazy,345,0.0,19,0,611457,120431219
424,Martin Garrix ,In the Name of Love,304,0.0,11,0,720257,120205635
425,Sam Smith ,Unholy,98,58.0,1,(x28),2488457,120201022
426,Pop Smoke ,Mood Swings,306,6.0,9,0,846397,119371547
427,The Chainsmokers ,Paris,224,45.0,3,(x1),1275674,119358756
428,Lil Skies ,Red Roses,365,0.0,36,0,532229,119331204
429,Wiz Khalifa ,See You Again,452,85.0,1,(x26),995751,119131650
430,Billie Eilish ,wish you were gay,271,16.0,2,(x2),2039013,119110503
431,Måneskin ,Beggin',231,29.0,4,0,1100134,118922920
432,DNCE ,Cake By The Ocean,420,0.0,14,0,546287,118801783
433,Kanye West ,Bound 2,361,0.0,20,0,606925,118764637
434,Travis Scott ,Antidote,535,0.0,12,0,509143,118146637
435,The Kid LAROI ,GO,350,0.0,12,0,833612,117833168
436,Post Malone ,Take What You Want,229,24.0,2,(x5),2796808,117464544
437,Michael Bublé ,Holly Jolly Christmas,266,0.0,13,0,2443625,117362413
438,Jordan Davis ,Buy Dirt,446,0.0,58,0,353342,117239640
439,Bad Bunny ,Ojitos Lindos,226,1.0,10,0,1230515,117064880
440,Cochise ,Tell Em,352,0.0,26,0,651174,116861554
441,Miguel ,Sky Walker,302,0.0,19,0,702194,116395947
442,Lil Peep ,Falling Down  Bonus Track,236,20.0,1,(x6),2158263,116066331
443,Kelly Clarkson ,Underneath the Tree,202,9.0,8,0,2346598,115764085
444,Lil Skies ,Lust,426,0.0,75,0,379237,115693481
445,The Weeknd ,Heartless,232,21.0,1,(x8),2634575,115431955
446,Ellie Goulding ,Hate Me,370,0.0,13,0,917238,115056947
447,Wallows ,Are You Bored Yet?,420,0.0,54,0,399406,114791296
448,Travis Scott ,STARGAZING,225,21.0,1,(x1),4244308,114669162
449,Ariana Grande ,Into You,305,1.0,10,0,710370,114250630
450,Eminem ,'Till I Collapse,771,0.0,41,0,431726,114132725
451,NLE Choppa ,Walk Em Down,246,0.0,12,0,730180,113510926
452,DJ Snake ,Middle,353,0.0,14,0,634100,113465863
453,Khalid ,OTW,294,0.0,17,0,915514,113437143
454,Taylor Swift ,You Need To Calm Down,250,22.0,1,(x1),2459661,113303615
455,Playboi Carti ,Sky,361,0.0,25,0,583880,113291304
456,Lil Wayne ,Sucker For Pain,344,0.0,12,0,704290,113258771
457,Maroon 5 ,What Lovers Do,227,4.0,7,0,925163,113203255
458,d4vd ,Romantic Homicide,149,48.0,2,(x1),1061087,112839982
459,Drake ,I'm Upset,170,26.0,4,0,3945109,112748287
460,GAYLE ,abcdefu,210,61.0,5,0,940468,112733991
461,Justin Bieber ,Holy,248,35.0,1,(x1),2020462,112093148
462,YNW Melly ,Suicidal,216,19.0,6,0,1113095,111505967
463,Post Malone ,Enemies,255,21.0,3,(x3),3198197,111333320
464,CJ ,Whoopty,230,58.0,3,(x3),834077,111327394
465,WILLOW ,Wait a Minute!,384,0.0,12,0,578328,111162304
466,Ed Sheeran ,Photograph,679,0.0,16,0,349617,111120972
467,A$AP Rocky ,Praise The Lord (Da Shine),281,3.0,5,0,1339872,110819424
468,21 Savage ,No Heart,382,0.0,18,0,559060,110613158
469,YG ,BIG BANK,267,0.0,21,0,870915,110251626
470,Billie Eilish ,Therefore I Am,237,15.0,1,(x7),1754735,109936841
471,Nio Garcia ,Te Boté  Remix,303,0.0,35,0,552785,109733059
472,Cardi B ,Bartier Cardi,221,35.0,3,(x6),1093964,109650225
473,Kid Cudi ,Pursuit Of Happiness (Nightmare),413,0.0,47,0,391076,109480124
474,J Balvin ,Mi Gente,238,28.0,7,0,867663,109423268
475,Ava Max ,Sweet but Psycho,320,0.0,30,0,590175,109220489
476,Walker Hayes ,Fancy Like,303,0.0,20,0,632758,109183937
477,Selena Gomez ,Lose You To Love Me,186,34.0,1,(x5),2659591,109150331
478,Olivia Rodrigo ,happier,228,29.0,5,0,2279399,109009363
479,Dean Martin ,Let It Snow! Let It Snow! Let It Snow!,187,7.0,7,0,3413764,108868445
480,Lil Durk ,Broadway Girls,291,11.0,4,0,1210147,108689365
481,Morgan Wallen ,Cover Me Up,437,0.0,23,0,664005,108508201
482,blackbear ,do re mi,373,0.0,26,0,628184,108380091
483,Sam Smith ,Stay With Me,548,127.0,1,(x2),442402,108129184
484,Shawn Mendes ,There's Nothing Holdin' Me Back,278,0.0,26,0,711457,107955518
485,Kanye West ,I Love It (& Lil Pump),175,32.0,1,(x11),1942212,107854141
486,Jeremih ,oui,419,0.0,21,0,528778,107730094
487,Camila Cabello ,Never Be the Same,236,8.0,5,0,1048100,107372683
488,Billie Eilish ,you should see me in a crown,325,3.0,7,0,1608603,107243178
489,Shawn Mendes ,If I Can't Have You,209,28.0,3,(x1),1474486,107192421
490,Yo Gotti ,Rake It Up,284,0.0,17,0,715011,107156568
491,Post Malone ,Ball For Me,215,6.0,8,0,2786889,107079418
492,Post Malone ,One Right Now,261,7.0,1,(x2),1830368,106856619
493,Olivia Rodrigo ,"jealousy, jealousy",256,4.0,9,0,1994138,106842027
494,Eminem ,Lucky You,207,28.0,1,(x9),2638639,106685258
495,Olivia Rodrigo ,brutal,211,21.0,2,(x1),2849969,106587197
496,Ali Gatie ,It's You,297,0.0,15,0,791346,106473404
497,Bazzi ,Beautiful,290,0.0,28,0,586218,105769712
498,Rich The Kid ,New Freezer,310,0.0,25,0,595266,105262051
499,Niall Horan ,Slow Hands,271,0.0,24,0,614747,105220848
500,Frank Ocean ,Lost,303,1.0,10,0,657541,105158717
